num_components,rmse,precision,recall,map
10,2.6082248241110686,0.2593484,0.26531628,0.2257966697749953
15,2.6082197114782066,0.2652177,0.27819163,0.23355977764495506
20,2.6333990257670004,0.26217443,0.27887526,0.2285251706157503
30,2.715302682884002,0.2501092,0.2674889,0.21370645293141388
50,2.8696745768081073,0.22032666,0.24887876,0.18032295243983285
